abb,rival,is_local,jornada,base_puntos,base_x3pt,base_rebotes,base_asistencias,base_valoracion,alero_puntos,alero_x3pt,alero_rebotes,alero_asistencias,alero_valoracion,pivot_puntos,pivot_x3pt,pivot_rebotes,pivot_asistencias,pivot_valoracion,base_puntos_encontra,base_x3pt_encontra,base_rebotes_encontra,base_asistencias_encontra,base_valoracion_encontra,alero_puntos_encontra,alero_x3pt_encontra,alero_rebotes_encontra,alero_asistencias_encontra,alero_valoracion_encontra,pivot_puntos_encontra,pivot_x3pt_encontra,pivot_rebotes_encontra,pivot_asistencias_encontra,pivot_valoracion_encontra,id_match,equipo.x,logo.x,color,url.x,logo_cuadrado,equipo.y,logo.y,color_rival,logo_rival
BAR,Todos,Todas,Jor. NA,12,3,4,5,11,44,5,18,6,44,27,0,10,4,32,14,2,4,6,21,40,4,17,7,31,33,2,14,4,40,NA,Barça,https://static.acb.com/img/www/clubes2024/2324BarcaLogoweb.png,#154284,https://www.acb.com/club/plantilla/id/2,https://raw.githubusercontent.com/IvoVillanueva/acbLogosCuadrados/6619f59f8ffb70434097d865e0aab02d1aa0fc2c/BAR.png,NA,NA,NA,NA
BAR,Todos,Todas Local,Jor. NA,11,3,3,4,11,43,5,16,8,44,32,0,13,4,32,10,2,0,3,11,65,7,30,8,61,16,0,5,4,24,NA,Barça,https://static.acb.com/img/www/clubes2024/2324BarcaLogoweb.png,#154284,https://www.acb.com/club/plantilla/id/2,https://raw.githubusercontent.com/IvoVillanueva/acbLogosCuadrados/6619f59f8ffb70434097d865e0aab02d1aa0fc2c/BAR.png,NA,NA,NA,NA
BAR,Todos,Todas  Visitante,Jor. NA,12,2,4,5,11,44,5,18,6,44,25,0,8,4,32,16,2,6,8,26,28,3,10,6,16,42,4,18,4,48,NA,Barça,https://static.acb.com/img/www/clubes2024/2324BarcaLogoweb.png,#154284,https://www.acb.com/club/plantilla/id/2,https://raw.githubusercontent.com/IvoVillanueva/acbLogosCuadrados/6619f59f8ffb70434097d865e0aab02d1aa0fc2c/BAR.png,NA,NA,NA,NA
BAR,VBC,Visitante,Jor. 1,9,1,3,6,5,50,7,18,5,43,22,1,12,5,31,18,3,6,10,29,34,5,12,9,28,41,4,15,5,54,104467,Barça,https://static.acb.com/img/www/clubes2024/2324BarcaLogoweb.png,#154284,https://www.acb.com/club/plantilla/id/2,https://raw.githubusercontent.com/IvoVillanueva/acbLogosCuadrados/6619f59f8ffb70434097d865e0aab02d1aa0fc2c/BAR.png,Valencia Basket,https://static.acb.com/img/23/2/25/1654748673.png,#FC6C0F,https://raw.githubusercontent.com/IvoVillanueva/acbLogosCuadrados/6619f59f8ffb70434097d865e0aab02d1aa0fc2c/VBC.png
BAR,HIO,Local,Jor. 2,11,3,3,4,11,43,5,16,8,44,32,0,13,4,32,10,2,0,3,11,65,7,30,8,61,16,0,5,4,24,104473,Barça,https://static.acb.com/img/www/clubes2024/2324BarcaLogoweb.png,#154284,https://www.acb.com/club/plantilla/id/2,https://raw.githubusercontent.com/IvoVillanueva/acbLogosCuadrados/6619f59f8ffb70434097d865e0aab02d1aa0fc2c/BAR.png,Hiopos Lleida,https://static.acb.com/img/www/clubes2024/2425HioposLleida_positivo.png,#AB1254,https://raw.githubusercontent.com/IvoVillanueva/acbLogosCuadrados/6619f59f8ffb70434097d865e0aab02d1aa0fc2c/HIO.png
BAR,UNI,Visitante,Jor. 3,16,4,6,4,17,39,3,19,6,45,28,0,5,2,32,13,1,7,5,22,22,1,9,3,5,42,3,22,3,42,104485,Barça,https://static.acb.com/img/www/clubes2024/2324BarcaLogoweb.png,#154284,https://www.acb.com/club/plantilla/id/2,https://raw.githubusercontent.com/IvoVillanueva/acbLogosCuadrados/6619f59f8ffb70434097d865e0aab02d1aa0fc2c/BAR.png,Unicaja,https://static.acb.com/img/www/clubes2024/2324UnicajaLogo.png,#3D9C35,https://raw.githubusercontent.com/IvoVillanueva/acbLogosCuadrados/6619f59f8ffb70434097d865e0aab02d1aa0fc2c/UNI.png
BAX,Todos,Todas,Jor. NA,21,2,7,12,22,31,4,9,2,27,33,3,13,5,34,17,3,3,5,10,35,4,12,5,37,40,3,22,6,51,NA,BAXI Manresa,https://static.acb.com/img/31/9/2f/75632.png,#D5001E,https://www.acb.com/club/plantilla/id/10,https://raw.githubusercontent.com/IvoVillanueva/acbLogosCuadrados/6619f59f8ffb70434097d865e0aab02d1aa0fc2c/BAX.png,NA,NA,NA,NA
BAX,Todos,Todas Local,Jor. NA,21,3,6,10,20,31,4,9,2,26,30,3,16,4,34,10,2,2,5,2,36,4,14,4,34,32,3,22,4,40,NA,BAXI Manresa,https://static.acb.com/img/31/9/2f/75632.png,#D5001E,https://www.acb.com/club/plantilla/id/10,https://raw.githubusercontent.com/IvoVillanueva/acbLogosCuadrados/6619f59f8ffb70434097d865e0aab02d1aa0fc2c/BAX.png,NA,NA,NA,NA
BAX,Todos,Todas  Visitante,Jor. NA,22,0,8,14,25,32,4,10,3,29,39,3,8,6,34,31,5,6,5,28,34,4,9,6,43,57,4,22,10,73,NA,BAXI Manresa,https://static.acb.com/img/31/9/2f/75632.png,#D5001E,https://www.acb.com/club/plantilla/id/10,https://raw.githubusercontent.com/IvoVillanueva/acbLogosCuadrados/6619f59f8ffb70434097d865e0aab02d1aa0fc2c/BAX.png,NA,NA,NA,NA
BAX,LLT,Visitante,Jor. 1,22,0,8,14,25,32,4,10,3,29,39,3,8,6,34,31,5,6,5,28,34,4,9,6,43,57,4,22,10,73,104461,BAXI Manresa,https://static.acb.com/img/31/9/2f/75632.png,#D5001E,https://www.acb.com/club/plantilla/id/10,https://raw.githubusercontent.com/IvoVillanueva/acbLogosCuadrados/6619f59f8ffb70434097d865e0aab02d1aa0fc2c/BAX.png,La Laguna Tenerife,https://static.acb.com/img/www/clubes2024/2425LaLagunaTenerifeLogo.png,#E9CD5F,https://raw.githubusercontent.com/IvoVillanueva/acbLogosCuadrados/6619f59f8ffb70434097d865e0aab02d1aa0fc2c/LLT.png
BAX,COV,Local,Jor. 2,18,1,5,12,25,34,4,11,1,28,31,3,20,6,39,8,1,2,4,-4,27,4,15,4,18,33,1,29,2,40,104471,BAXI Manresa,https://static.acb.com/img/31/9/2f/75632.png,#D5001E,https://www.acb.com/club/plantilla/id/10,https://raw.githubusercontent.com/IvoVillanueva/acbLogosCuadrados/6619f59f8ffb70434097d865e0aab02d1aa0fc2c/BAX.png,Coviran Granada,https://static.acb.com/img/www/clubes2024/2425CoviranGranadapositivo.png,#C2213C,https://raw.githubusercontent.com/IvoVillanueva/acbLogosCuadrados/6619f59f8ffb70434097d865e0aab02d1aa0fc2c/COV.png
BAX,DGC,Local,Jor. 3,24,5,8,9,15,28,4,7,2,25,28,3,12,3,29,12,3,1,6,7,44,4,12,5,51,31,5,15,5,39,104477,BAXI Manresa,https://static.acb.com/img/31/9/2f/75632.png,#D5001E,https://www.acb.com/club/plantilla/id/10,https://raw.githubusercontent.com/IvoVillanueva/acbLogosCuadrados/6619f59f8ffb70434097d865e0aab02d1aa0fc2c/BAX.png,Dreamland Gran Canaria,https://static.acb.com/img/2/58/5b/75611.png,#FFB718,https://raw.githubusercontent.com/IvoVillanueva/acbLogosCuadrados/6619f59f8ffb70434097d865e0aab02d1aa0fc2c/DGC.png
BKN,Todos,Todas,Jor. NA,25,1,7,10,35,41,5,13,4,33,26,2,11,3,28,20,3,3,8,19,38,4,11,7,35,38,1,18,3,47,NA,Baskonia,https://static.acb.com/logos/1718/baskonia_00.png,#C8102E,https://www.acb.com/club/plantilla/id/3,https://raw.githubusercontent.com/IvoVillanueva/acbLogosCuadrados/6619f59f8ffb70434097d865e0aab02d1aa0fc2c/BKN.png,NA,NA,NA,NA
BKN,Todos,Todas Local,Jor. NA,39,2,13,13,63,38,5,5,5,28,28,2,6,1,25,18,2,4,10,22,42,4,8,7,30,40,4,16,2,53,NA,Baskonia,https://static.acb.com/logos/1718/baskonia_00.png,#C8102E,https://www.acb.com/club/plantilla/id/3,https://raw.githubusercontent.com/IvoVillanueva/acbLogosCuadrados/6619f59f8ffb70434097d865e0aab02d1aa0fc2c/BKN.png,NA,NA,NA,NA
BKN,Todos,Todas  Visitante,Jor. NA,18,0,4,8,22,42,4,17,3,35,26,2,13,4,30,21,3,2,7,18,36,4,12,7,38,37,0,19,4,44,NA,Baskonia,https://static.acb.com/logos/1718/baskonia_00.png,#C8102E,https://www.acb.com/club/plantilla/id/3,https://raw.githubusercontent.com/IvoVillanueva/acbLogosCuadrados/6619f59f8ffb70434097d865e0aab02d1aa0fc2c/BKN.png,NA,NA,NA,NA
BKN,CAZ,Visitante,Jor. 1,14,0,4,8,19,46,3,19,3,38,28,1,16,4,31,31,3,2,9,29,39,5,18,11,51,37,0,21,4,40,104465,Baskonia,https://static.acb.com/logos/1718/baskonia_00.png,#C8102E,https://www.acb.com/club/plantilla/id/3,https://raw.githubusercontent.com/IvoVillanueva/acbLogosCuadrados/6619f59f8ffb70434097d865e0aab02d1aa0fc2c/BKN.png,Casademont Zaragoza,https://static.acb.com/img/www/clubes2024/2425CasademontZaragoza.png,#C8102E,https://raw.githubusercontent.com/IvoVillanueva/acbLogosCuadrados/6619f59f8ffb70434097d865e0aab02d1aa0fc2c/CAZ.png
BKN,RMB,Local,Jor. 2,39,2,13,13,63,38,5,5,5,28,28,2,6,1,25,18,2,4,10,22,42,4,8,7,30,40,4,16,2,53,104476,Baskonia,https://static.acb.com/logos/1718/baskonia_00.png,#C8102E,https://www.acb.com/club/plantilla/id/3,https://raw.githubusercontent.com/IvoVillanueva/acbLogosCuadrados/6619f59f8ffb70434097d865e0aab02d1aa0fc2c/BKN.png,Real Madrid,https://static.acb.com/img/www/clubes2024/2324RealMadrid_Logoweb.png,#FFFFFF,https://raw.githubusercontent.com/IvoVillanueva/acbLogosCuadrados/6619f59f8ffb70434097d865e0aab02d1aa0fc2c/RMB.png
BKN,COV,Visitante,Jor. 3,21,1,4,8,24,39,6,15,3,32,23,3,10,5,28,11,3,2,5,7,32,4,6,3,25,37,0,17,4,48,104484,Baskonia,https://static.acb.com/logos/1718/baskonia_00.png,#C8102E,https://www.acb.com/club/plantilla/id/3,https://raw.githubusercontent.com/IvoVillanueva/acbLogosCuadrados/6619f59f8ffb70434097d865e0aab02d1aa0fc2c/BKN.png,Coviran Granada,https://static.acb.com/img/www/clubes2024/2425CoviranGranadapositivo.png,#C2213C,https://raw.githubusercontent.com/IvoVillanueva/acbLogosCuadrados/6619f59f8ffb70434097d865e0aab02d1aa0fc2c/COV.png
BRE,Todos,Todas,Jor. NA,16,1,4,9,17,40,7,9,3,31,26,3,17,5,27,14,2,6,9,19,47,7,16,12,47,34,2,18,3,45,NA,Río Breogán,https://static.acb.com/logos/1718/breogan_00.png,#85ADEA,https://www.acb.com/club/plantilla/id/25,https://raw.githubusercontent.com/IvoVillanueva/acbLogosCuadrados/6619f59f8ffb70434097d865e0aab02d1aa0fc2c/BRE.png,NA,NA,NA,NA
BRE,Todos,Todas Local,Jor. NA,17,1,6,10,20,51,11,6,2,35,22,3,17,5,24,24,3,8,14,36,41,9,12,9,38,48,7,18,5,57,NA,Río Breogán,https://static.acb.com/logos/1718/breogan_00.png,#85ADEA,https://www.acb.com/club/plantilla/id/25,https://raw.githubusercontent.com/IvoVillanueva/acbLogosCuadrados/6619f59f8ffb70434097d865e0aab02d1aa0fc2c/BRE.png,NA,NA,NA,NA
BRE,Todos,Todas  Visitante,Jor. NA,15,0,2,9,15,34,6,11,4,28,28,2,18,5,28,9,1,6,6,11,50,6,18,14,51,27,0,18,2,38,NA,Río Breogán,https://static.acb.com/logos/1718/breogan_00.png,#85ADEA,https://www.acb.com/club/plantilla/id/25,https://raw.githubusercontent.com/IvoVillanueva/acbLogosCuadrados/6619f59f8ffb70434097d865e0aab02d1aa0fc2c/BRE.png,NA,NA,NA,NA
BRE,HIO,Visitante,Jor. 1,7,0,3,8,10,38,7,8,1,21,23,1,17,8,25,7,1,5,5,12,55,7,25,21,61,25,0,17,1,37,104462,Río Breogán,https://static.acb.com/logos/1718/breogan_00.png,#85ADEA,https://www.acb.com/club/plantilla/id/25,https://raw.githubusercontent.com/IvoVillanueva/acbLogosCuadrados/6619f59f8ffb70434097d865e0aab02d1aa0fc2c/BRE.png,Hiopos Lleida,https://static.acb.com/img/www/clubes2024/2425HioposLleida_positivo.png,#AB1254,https://raw.githubusercontent.com/IvoVillanueva/acbLogosCuadrados/6619f59f8ffb70434097d865e0aab02d1aa0fc2c/HIO.png
BRE,VBC,Local,Jor. 2,17,1,6,10,20,51,11,6,2,35,22,3,17,5,24,24,3,8,14,36,41,9,12,9,38,48,7,18,5,57,104474,Río Breogán,https://static.acb.com/logos/1718/breogan_00.png,#85ADEA,https://www.acb.com/club/plantilla/id/25,https://raw.githubusercontent.com/IvoVillanueva/acbLogosCuadrados/6619f59f8ffb70434097d865e0aab02d1aa0fc2c/BRE.png,Valencia Basket,https://static.acb.com/img/23/2/25/1654748673.png,#FC6C0F,https://raw.githubusercontent.com/IvoVillanueva/acbLogosCuadrados/6619f59f8ffb70434097d865e0aab02d1aa0fc2c/VBC.png
BRE,CAZ,Visitante,Jor. 3,23,1,2,10,20,31,4,14,7,36,34,4,18,2,32,11,1,6,7,10,44,4,10,6,41,29,0,19,3,40,104479,Río Breogán,https://static.acb.com/logos/1718/breogan_00.png,#85ADEA,https://www.acb.com/club/plantilla/id/25,https://raw.githubusercontent.com/IvoVillanueva/acbLogosCuadrados/6619f59f8ffb70434097d865e0aab02d1aa0fc2c/BRE.png,Casademont Zaragoza,https://static.acb.com/img/www/clubes2024/2425CasademontZaragoza.png,#C8102E,https://raw.githubusercontent.com/IvoVillanueva/acbLogosCuadrados/6619f59f8ffb70434097d865e0aab02d1aa0fc2c/CAZ.png
BUR,Todos,Todas,Jor. NA,12,1,4,3,14,45,4,18,11,45,31,1,14,3,29,20,2,5,9,16,41,3,13,9,42,27,1,16,2,31,NA,Recoletas Salud San Pablo Burgos,https://static.acb.com/img/www/clubes2025/2526SanPabloLogo.png,#00669E,https://www.acb.com/club/plantilla/id/549,https://raw.githubusercontent.com/IvoVillanueva/acbLogosCuadrados/6619f59f8ffb70434097d865e0aab02d1aa0fc2c/BUR.svg,NA,NA,NA,NA
BUR,Todos,Todas Local,Jor. NA,20,3,8,5,29,55,5,21,7,57,22,0,12,3,23,21,3,7,16,13,39,2,12,5,36,19,0,12,2,21,NA,Recoletas Salud San Pablo Burgos,https://static.acb.com/img/www/clubes2025/2526SanPabloLogo.png,#00669E,https://www.acb.com/club/plantilla/id/549,https://raw.githubusercontent.com/IvoVillanueva/acbLogosCuadrados/6619f59f8ffb70434097d865e0aab02d1aa0fc2c/BUR.svg,NA,NA,NA,NA
BUR,Todos,Todas  Visitante,Jor. NA,8,0,2,2,6,40,4,17,12,39,36,1,14,3,32,20,2,4,5,18,42,4,14,11,44,32,2,18,2,36,NA,Recoletas Salud San Pablo Burgos,https://static.acb.com/img/www/clubes2025/2526SanPabloLogo.png,#00669E,https://www.acb.com/club/plantilla/id/549,https://raw.githubusercontent.com/IvoVillanueva/acbLogosCuadrados/6619f59f8ffb70434097d865e0aab02d1aa0fc2c/BUR.svg,NA,NA,NA,NA
BUR,GIR,Local,Jor. 1,20,3,8,5,29,55,5,21,7,57,22,0,12,3,23,21,3,7,16,13,39,2,12,5,36,19,0,12,2,21,104460,Recoletas Salud San Pablo Burgos,https://static.acb.com/img/www/clubes2025/2526SanPabloLogo.png,#00669E,https://www.acb.com/club/plantilla/id/549,https://raw.githubusercontent.com/IvoVillanueva/acbLogosCuadrados/6619f59f8ffb70434097d865e0aab02d1aa0fc2c/BUR.svg,Bàsquet Girona,https://static.acb.com/img/www/clubes2023/BASQUET-GIRONA-Logonegativo2223.png,#B32836,https://raw.githubusercontent.com/IvoVillanueva/acbLogosCuadrados/6619f59f8ffb70434097d865e0aab02d1aa0fc2c/GIR.png
BUR,SBB,Visitante,Jor. 2,6,1,2,2,3,54,5,18,12,43,25,0,13,4,27,24,2,6,5,29,32,1,13,13,29,39,3,19,0,36,104475,Recoletas Salud San Pablo Burgos,https://static.acb.com/img/www/clubes2025/2526SanPabloLogo.png,#00669E,https://www.acb.com/club/plantilla/id/549,https://raw.githubusercontent.com/IvoVillanueva/acbLogosCuadrados/6619f59f8ffb70434097d865e0aab02d1aa0fc2c/BUR.svg,Surne Bilbao Basket,https://static.acb.com/img/www/clubes2022/logo_surnebb_pos.png,#000000,https://raw.githubusercontent.com/IvoVillanueva/acbLogosCuadrados/6619f59f8ffb70434097d865e0aab02d1aa0fc2c/SBB.png
BUR,RMB,Visitante,Jor. 3,9,0,3,3,10,25,3,16,13,35,46,2,16,2,36,15,1,1,5,6,51,7,14,9,60,24,0,18,3,37,104482,Recoletas Salud San Pablo Burgos,https://static.acb.com/img/www/clubes2025/2526SanPabloLogo.png,#00669E,https://www.acb.com/club/plantilla/id/549,https://raw.githubusercontent.com/IvoVillanueva/acbLogosCuadrados/6619f59f8ffb70434097d865e0aab02d1aa0fc2c/BUR.svg,Real Madrid,https://static.acb.com/img/www/clubes2024/2324RealMadrid_Logoweb.png,#FFFFFF,https://raw.githubusercontent.com/IvoVillanueva/acbLogosCuadrados/6619f59f8ffb70434097d865e0aab02d1aa0fc2c/RMB.png
CAZ,Todos,Todas,Jor. NA,21,2,3,8,21,42,5,16,8,49,30,0,18,4,33,23,2,3,9,20,35,3,14,5,35,30,2,19,3,34,NA,Casademont Zaragoza,https://static.acb.com/img/www/clubes2024/2425CasademontZaragoza.png,#C8102E,https://www.acb.com/club/plantilla/id/16,https://raw.githubusercontent.com/IvoVillanueva/acbLogosCuadrados/6619f59f8ffb70434097d865e0aab02d1aa0fc2c/CAZ.png,NA,NA,NA,NA
CAZ,Todos,Todas Local,Jor. NA,21,2,4,8,20,42,4,14,8,46,33,0,20,4,40,18,0,3,9,20,38,4,16,5,37,31,2,17,3,32,NA,Casademont Zaragoza,https://static.acb.com/img/www/clubes2024/2425CasademontZaragoza.png,#C8102E,https://www.acb.com/club/plantilla/id/16,https://raw.githubusercontent.com/IvoVillanueva/acbLogosCuadrados/6619f59f8ffb70434097d865e0aab02d1aa0fc2c/CAZ.png,NA,NA,NA,NA
CAZ,Todos,Todas  Visitante,Jor. NA,20,1,2,9,23,43,7,21,6,55,23,1,14,4,19,31,4,2,9,21,29,3,9,5,30,29,0,23,4,40,NA,Casademont Zaragoza,https://static.acb.com/img/www/clubes2024/2425CasademontZaragoza.png,#C8102E,https://www.acb.com/club/plantilla/id/16,https://raw.githubusercontent.com/IvoVillanueva/acbLogosCuadrados/6619f59f8ffb70434097d865e0aab02d1aa0fc2c/CAZ.png,NA,NA,NA,NA
CAZ,BKN,Local,Jor. 1,31,3,2,9,29,39,5,18,11,51,37,0,21,4,40,14,0,4,8,19,46,3,19,3,38,28,1,16,4,31,104465,Casademont Zaragoza,https://static.acb.com/img/www/clubes2024/2425CasademontZaragoza.png,#C8102E,https://www.acb.com/club/plantilla/id/16,https://raw.githubusercontent.com/IvoVillanueva/acbLogosCuadrados/6619f59f8ffb70434097d865e0aab02d1aa0fc2c/CAZ.png,Baskonia,https://static.acb.com/logos/1718/baskonia_00.png,#C8102E,https://raw.githubusercontent.com/IvoVillanueva/acbLogosCuadrados/6619f59f8ffb70434097d865e0aab02d1aa0fc2c/BKN.png
CAZ,JOV,Visitante,Jor. 2,20,1,2,9,23,43,7,21,6,55,23,1,14,4,19,31,4,2,9,21,29,3,9,5,30,29,0,23,4,40,104472,Casademont Zaragoza,https://static.acb.com/img/www/clubes2024/2425CasademontZaragoza.png,#C8102E,https://www.acb.com/club/plantilla/id/16,https://raw.githubusercontent.com/IvoVillanueva/acbLogosCuadrados/6619f59f8ffb70434097d865e0aab02d1aa0fc2c/CAZ.png,Joventut Badalona,https://static.acb.com/img/e/53/16/1453195579.png,#2F8E62,https://raw.githubusercontent.com/IvoVillanueva/acbLogosCuadrados/6619f59f8ffb70434097d865e0aab02d1aa0fc2c/JOV.png
CAZ,BRE,Local,Jor. 3,11,1,6,7,10,44,4,10,6,41,29,0,19,3,40,23,1,2,10,20,31,4,14,7,36,34,4,18,2,32,104479,Casademont Zaragoza,https://static.acb.com/img/www/clubes2024/2425CasademontZaragoza.png,#C8102E,https://www.acb.com/club/plantilla/id/16,https://raw.githubusercontent.com/IvoVillanueva/acbLogosCuadrados/6619f59f8ffb70434097d865e0aab02d1aa0fc2c/CAZ.png,Río Breogán,https://static.acb.com/logos/1718/breogan_00.png,#85ADEA,https://raw.githubusercontent.com/IvoVillanueva/acbLogosCuadrados/6619f59f8ffb70434097d865e0aab02d1aa0fc2c/BRE.png
COV,Todos,Todas,Jor. NA,12,1,2,4,3,28,4,9,5,19,34,0,23,2,45,21,1,4,9,27,31,4,11,3,26,32,2,18,5,39,NA,Coviran Granada,https://static.acb.com/img/www/clubes2024/2425CoviranGranadapositivo.png,#C2213C,https://www.acb.com/club/plantilla/id/592,https://raw.githubusercontent.com/IvoVillanueva/acbLogosCuadrados/6619f59f8ffb70434097d865e0aab02d1aa0fc2c/COV.png,NA,NA,NA,NA
COV,Todos,Todas Local,Jor. NA,14,2,2,4,6,28,4,6,6,19,34,0,20,2,48,22,2,4,8,28,30,4,11,4,26,33,2,18,5,40,NA,Coviran Granada,https://static.acb.com/img/www/clubes2024/2425CoviranGranadapositivo.png,#C2213C,https://www.acb.com/club/plantilla/id/592,https://raw.githubusercontent.com/IvoVillanueva/acbLogosCuadrados/6619f59f8ffb70434097d865e0aab02d1aa0fc2c/COV.png,NA,NA,NA,NA
COV,Todos,Todas  Visitante,Jor. NA,8,1,2,4,-4,27,4,15,4,18,33,1,29,2,40,18,1,5,12,25,34,4,11,1,28,31,3,20,6,39,NA,Coviran Granada,https://static.acb.com/img/www/clubes2024/2425CoviranGranadapositivo.png,#C2213C,https://www.acb.com/club/plantilla/id/592,https://raw.githubusercontent.com/IvoVillanueva/acbLogosCuadrados/6619f59f8ffb70434097d865e0aab02d1aa0fc2c/COV.png,NA,NA,NA,NA
COV,JOV,Local,Jor. 1,18,0,1,2,5,25,4,7,9,13,32,0,23,1,47,23,2,4,8,33,21,1,7,5,19,43,1,25,5,51,104463,Coviran Granada,https://static.acb.com/img/www/clubes2024/2425CoviranGranadapositivo.png,#C2213C,https://www.acb.com/club/plantilla/id/592,https://raw.githubusercontent.com/IvoVillanueva/acbLogosCuadrados/6619f59f8ffb70434097d865e0aab02d1aa0fc2c/COV.png,Joventut Badalona,https://static.acb.com/img/e/53/16/1453195579.png,#2F8E62,https://raw.githubusercontent.com/IvoVillanueva/acbLogosCuadrados/6619f59f8ffb70434097d865e0aab02d1aa0fc2c/JOV.png
COV,BAX,Visitante,Jor. 2,8,1,2,4,-4,27,4,15,4,18,33,1,29,2,40,18,1,5,12,25,34,4,11,1,28,31,3,20,6,39,104471,Coviran Granada,https://static.acb.com/img/www/clubes2024/2425CoviranGranadapositivo.png,#C2213C,https://www.acb.com/club/plantilla/id/592,https://raw.githubusercontent.com/IvoVillanueva/acbLogosCuadrados/6619f59f8ffb70434097d865e0aab02d1aa0fc2c/COV.png,BAXI Manresa,https://static.acb.com/img/31/9/2f/75632.png,#D5001E,https://raw.githubusercontent.com/IvoVillanueva/acbLogosCuadrados/6619f59f8ffb70434097d865e0aab02d1aa0fc2c/BAX.png
COV,BKN,Local,Jor. 3,11,3,2,5,7,32,4,6,3,25,37,0,17,4,48,21,1,4,8,24,39,6,15,3,32,23,3,10,5,28,104484,Coviran Granada,https://static.acb.com/img/www/clubes2024/2425CoviranGranadapositivo.png,#C2213C,https://www.acb.com/club/plantilla/id/592,https://raw.githubusercontent.com/IvoVillanueva/acbLogosCuadrados/6619f59f8ffb70434097d865e0aab02d1aa0fc2c/COV.png,Baskonia,https://static.acb.com/logos/1718/baskonia_00.png,#C8102E,https://raw.githubusercontent.com/IvoVillanueva/acbLogosCuadrados/6619f59f8ffb70434097d865e0aab02d1aa0fc2c/BKN.png
DGC,Todos,Todas,Jor. NA,13,3,3,7,14,30,2,12,8,31,33,5,15,3,37,18,3,6,8,16,27,4,7,5,23,35,4,15,5,42,NA,Dreamland Gran Canaria,https://static.acb.com/img/2/58/5b/75611.png,#FFB718,https://www.acb.com/club/plantilla/id/5,https://raw.githubusercontent.com/IvoVillanueva/acbLogosCuadrados/6619f59f8ffb70434097d865e0aab02d1aa0fc2c/DGC.png,NA,NA,NA,NA
DGC,Todos,Todas Local,Jor. NA,9,2,5,9,16,29,2,10,7,22,34,6,18,3,37,17,2,6,6,19,15,1,3,5,9,49,6,20,6,61,NA,Dreamland Gran Canaria,https://static.acb.com/img/2/58/5b/75611.png,#FFB718,https://www.acb.com/club/plantilla/id/5,https://raw.githubusercontent.com/IvoVillanueva/acbLogosCuadrados/6619f59f8ffb70434097d865e0aab02d1aa0fc2c/DGC.png,NA,NA,NA,NA
DGC,Todos,Todas  Visitante,Jor. NA,16,4,2,6,13,31,2,13,8,36,32,4,14,2,38,18,4,6,10,14,34,6,9,4,30,28,4,12,4,32,NA,Dreamland Gran Canaria,https://static.acb.com/img/2/58/5b/75611.png,#FFB718,https://www.acb.com/club/plantilla/id/5,https://raw.githubusercontent.com/IvoVillanueva/acbLogosCuadrados/6619f59f8ffb70434097d865e0aab02d1aa0fc2c/DGC.png,NA,NA,NA,NA
DGC,RMB,Visitante,Jor. 1,19,4,3,5,19,18,1,14,11,21,34,4,12,0,36,13,2,3,10,14,39,8,11,7,36,29,4,13,5,35,104464,Dreamland Gran Canaria,https://static.acb.com/img/2/58/5b/75611.png,#FFB718,https://www.acb.com/club/plantilla/id/5,https://raw.githubusercontent.com/IvoVillanueva/acbLogosCuadrados/6619f59f8ffb70434097d865e0aab02d1aa0fc2c/DGC.png,Real Madrid,https://static.acb.com/img/www/clubes2024/2324RealMadrid_Logoweb.png,#FFFFFF,https://raw.githubusercontent.com/IvoVillanueva/acbLogosCuadrados/6619f59f8ffb70434097d865e0aab02d1aa0fc2c/RMB.png
DGC,UNI,Local,Jor. 2,9,2,5,9,16,29,2,10,7,22,34,6,18,3,37,17,2,6,6,19,15,1,3,5,9,49,6,20,6,61,104470,Dreamland Gran Canaria,https://static.acb.com/img/2/58/5b/75611.png,#FFB718,https://www.acb.com/club/plantilla/id/5,https://raw.githubusercontent.com/IvoVillanueva/acbLogosCuadrados/6619f59f8ffb70434097d865e0aab02d1aa0fc2c/DGC.png,Unicaja,https://static.acb.com/img/www/clubes2024/2324UnicajaLogo.png,#3D9C35,https://raw.githubusercontent.com/IvoVillanueva/acbLogosCuadrados/6619f59f8ffb70434097d865e0aab02d1aa0fc2c/UNI.png
DGC,BAX,Visitante,Jor. 3,12,3,1,6,7,44,4,12,5,51,31,5,15,5,39,24,5,8,9,15,28,4,7,2,25,28,3,12,3,29,104477,Dreamland Gran Canaria,https://static.acb.com/img/2/58/5b/75611.png,#FFB718,https://www.acb.com/club/plantilla/id/5,https://raw.githubusercontent.com/IvoVillanueva/acbLogosCuadrados/6619f59f8ffb70434097d865e0aab02d1aa0fc2c/DGC.png,BAXI Manresa,https://static.acb.com/img/31/9/2f/75632.png,#D5001E,https://raw.githubusercontent.com/IvoVillanueva/acbLogosCuadrados/6619f59f8ffb70434097d865e0aab02d1aa0fc2c/BAX.png
GIR,Todos,Todas,Jor. NA,27,4,6,14,19,38,4,15,5,37,22,1,15,3,25,26,3,6,6,28,45,7,18,8,47,31,2,16,2,37,NA,Bàsquet Girona,https://static.acb.com/img/www/clubes2023/BASQUET-GIRONA-Logonegativo2223.png,#B32836,https://www.acb.com/club/plantilla/id/591,https://raw.githubusercontent.com/IvoVillanueva/acbLogosCuadrados/6619f59f8ffb70434097d865e0aab02d1aa0fc2c/GIR.png,NA,NA,NA,NA
GIR,Todos,Todas Local,Jor. NA,15,1,4,10,8,41,6,15,2,37,15,1,17,4,17,27,4,6,4,22,38,5,18,4,42,28,2,14,1,34,NA,Bàsquet Girona,https://static.acb.com/img/www/clubes2023/BASQUET-GIRONA-Logonegativo2223.png,#B32836,https://www.acb.com/club/plantilla/id/591,https://raw.githubusercontent.com/IvoVillanueva/acbLogosCuadrados/6619f59f8ffb70434097d865e0aab02d1aa0fc2c/GIR.png,NA,NA,NA,NA
GIR,Todos,Todas  Visitante,Jor. NA,33,5,8,16,24,37,3,15,6,38,26,0,14,3,30,26,3,6,7,30,48,8,18,10,50,32,2,17,3,38,NA,Bàsquet Girona,https://static.acb.com/img/www/clubes2023/BASQUET-GIRONA-Logonegativo2223.png,#B32836,https://www.acb.com/club/plantilla/id/591,https://raw.githubusercontent.com/IvoVillanueva/acbLogosCuadrados/6619f59f8ffb70434097d865e0aab02d1aa0fc2c/GIR.png,NA,NA,NA,NA
GIR,BUR,Visitante,Jor. 1,21,3,7,16,13,39,2,12,5,36,19,0,12,2,21,20,3,8,5,29,55,5,21,7,57,22,0,12,3,23,104460,Bàsquet Girona,https://static.acb.com/img/www/clubes2023/BASQUET-GIRONA-Logonegativo2223.png,#B32836,https://www.acb.com/club/plantilla/id/591,https://raw.githubusercontent.com/IvoVillanueva/acbLogosCuadrados/6619f59f8ffb70434097d865e0aab02d1aa0fc2c/GIR.png,Recoletas Salud San Pablo Burgos,https://static.acb.com/img/www/clubes2025/2526SanPabloLogo.png,#00669E,https://raw.githubusercontent.com/IvoVillanueva/acbLogosCuadrados/6619f59f8ffb70434097d865e0aab02d1aa0fc2c/BUR.svg
GIR,UCM,Local,Jor. 2,15,1,4,10,8,41,6,15,2,37,15,1,17,4,17,27,4,6,4,22,38,5,18,4,42,28,2,14,1,34,104468,Bàsquet Girona,https://static.acb.com/img/www/clubes2023/BASQUET-GIRONA-Logonegativo2223.png,#B32836,https://www.acb.com/club/plantilla/id/591,https://raw.githubusercontent.com/IvoVillanueva/acbLogosCuadrados/6619f59f8ffb70434097d865e0aab02d1aa0fc2c/GIR.png,UCAM Murcia,https://static.acb.com/img/www/clubes2024/2425UCAMMurciapositivo.png,#A51A14,https://raw.githubusercontent.com/IvoVillanueva/acbLogosCuadrados/6619f59f8ffb70434097d865e0aab02d1aa0fc2c/UCM.png
GIR,MBA,Visitante,Jor. 3,45,7,8,16,35,35,4,18,8,39,33,1,17,4,38,31,3,4,9,32,42,12,14,13,43,42,4,22,3,54,104480,Bàsquet Girona,https://static.acb.com/img/www/clubes2023/BASQUET-GIRONA-Logonegativo2223.png,#B32836,https://www.acb.com/club/plantilla/id/591,https://raw.githubusercontent.com/IvoVillanueva/acbLogosCuadrados/6619f59f8ffb70434097d865e0aab02d1aa0fc2c/GIR.png,MoraBanc Andorra,https://static.acb.com/img/43/43/28/75593.png,#0165BA,https://raw.githubusercontent.com/IvoVillanueva/acbLogosCuadrados/6619f59f8ffb70434097d865e0aab02d1aa0fc2c/MBA.png
HIO,Todos,Todas,Jor. NA,7,1,2,3,8,59,7,23,12,50,20,0,12,3,29,14,1,3,7,17,39,5,14,5,35,31,3,15,5,33,NA,Hiopos Lleida,https://static.acb.com/img/www/clubes2024/2425HioposLleida_positivo.png,#AB1254,https://www.acb.com/club/plantilla/id/658,https://raw.githubusercontent.com/IvoVillanueva/acbLogosCuadrados/6619f59f8ffb70434097d865e0aab02d1aa0fc2c/HIO.png,NA,NA,NA,NA
HIO,Todos,Todas Local,Jor. NA,5,1,2,4,7,56,6,20,14,44,22,0,15,2,32,15,0,4,8,20,38,5,14,4,31,31,4,16,6,34,NA,Hiopos Lleida,https://static.acb.com/img/www/clubes2024/2425HioposLleida_positivo.png,#AB1254,https://www.acb.com/club/plantilla/id/658,https://raw.githubusercontent.com/IvoVillanueva/acbLogosCuadrados/6619f59f8ffb70434097d865e0aab02d1aa0fc2c/HIO.png,NA,NA,NA,NA
HIO,Todos,Todas  Visitante,Jor. NA,10,2,0,3,11,65,7,30,8,61,16,0,5,4,24,11,3,3,4,11,43,5,16,8,44,32,0,13,4,32,NA,Hiopos Lleida,https://static.acb.com/img/www/clubes2024/2425HioposLleida_positivo.png,#AB1254,https://www.acb.com/club/plantilla/id/658,https://raw.githubusercontent.com/IvoVillanueva/acbLogosCuadrados/6619f59f8ffb70434097d865e0aab02d1aa0fc2c/HIO.png,NA,NA,NA,NA
HIO,BRE,Local,Jor. 1,7,1,5,5,12,55,7,25,21,61,25,0,17,1,37,7,0,3,8,10,38,7,8,1,21,23,1,17,8,25,104462,Hiopos Lleida,https://static.acb.com/img/www/clubes2024/2425HioposLleida_positivo.png,#AB1254,https://www.acb.com/club/plantilla/id/658,https://raw.githubusercontent.com/IvoVillanueva/acbLogosCuadrados/6619f59f8ffb70434097d865e0aab02d1aa0fc2c/HIO.png,Río Breogán,https://static.acb.com/logos/1718/breogan_00.png,#85ADEA,https://raw.githubusercontent.com/IvoVillanueva/acbLogosCuadrados/6619f59f8ffb70434097d865e0aab02d1aa0fc2c/BRE.png
HIO,BAR,Visitante,Jor. 2,10,2,0,3,11,65,7,30,8,61,16,0,5,4,24,11,3,3,4,11,43,5,16,8,44,32,0,13,4,32,104473,Hiopos Lleida,https://static.acb.com/img/www/clubes2024/2425HioposLleida_positivo.png,#AB1254,https://www.acb.com/club/plantilla/id/658,https://raw.githubusercontent.com/IvoVillanueva/acbLogosCuadrados/6619f59f8ffb70434097d865e0aab02d1aa0fc2c/HIO.png,Barça,https://static.acb.com/img/www/clubes2024/2324BarcaLogoweb.png,#154284,https://raw.githubusercontent.com/IvoVillanueva/acbLogosCuadrados/6619f59f8ffb70434097d865e0aab02d1aa0fc2c/BAR.png
HIO,VBC,Local,Jor. 3,3,1,0,2,2,56,6,15,8,27,19,0,13,3,27,23,1,4,8,29,37,3,19,6,41,39,8,15,3,43,104483,Hiopos Lleida,https://static.acb.com/img/www/clubes2024/2425HioposLleida_positivo.png,#AB1254,https://www.acb.com/club/plantilla/id/658,https://raw.githubusercontent.com/IvoVillanueva/acbLogosCuadrados/6619f59f8ffb70434097d865e0aab02d1aa0fc2c/HIO.png,Valencia Basket,https://static.acb.com/img/23/2/25/1654748673.png,#FC6C0F,https://raw.githubusercontent.com/IvoVillanueva/acbLogosCuadrados/6619f59f8ffb70434097d865e0aab02d1aa0fc2c/VBC.png
JOV,Todos,Todas,Jor. NA,24,3,5,10,29,28,3,9,7,29,39,1,20,5,47,18,1,3,6,18,33,5,13,8,29,25,1,17,2,27,NA,Joventut Badalona,https://static.acb.com/img/e/53/16/1453195579.png,#2F8E62,https://www.acb.com/club/plantilla/id/8,https://raw.githubusercontent.com/IvoVillanueva/acbLogosCuadrados/6619f59f8ffb70434097d865e0aab02d1aa0fc2c/JOV.png,NA,NA,NA,NA
JOV,Todos,Todas Local,Jor. NA,24,3,5,11,27,32,4,10,8,34,37,2,18,6,45,18,2,4,8,25,37,6,16,8,37,22,1,14,2,18,NA,Joventut Badalona,https://static.acb.com/img/e/53/16/1453195579.png,#2F8E62,https://www.acb.com/club/plantilla/id/8,https://raw.githubusercontent.com/IvoVillanueva/acbLogosCuadrados/6619f59f8ffb70434097d865e0aab02d1aa0fc2c/JOV.png,NA,NA,NA,NA
JOV,Todos,Todas  Visitante,Jor. NA,23,2,4,8,33,21,1,7,5,19,43,1,25,5,51,18,0,1,2,5,25,4,7,9,13,32,0,23,1,47,NA,Joventut Badalona,https://static.acb.com/img/e/53/16/1453195579.png,#2F8E62,https://www.acb.com/club/plantilla/id/8,https://raw.githubusercontent.com/IvoVillanueva/acbLogosCuadrados/6619f59f8ffb70434097d865e0aab02d1aa0fc2c/JOV.png,NA,NA,NA,NA
JOV,COV,Visitante,Jor. 1,23,2,4,8,33,21,1,7,5,19,43,1,25,5,51,18,0,1,2,5,25,4,7,9,13,32,0,23,1,47,104463,Joventut Badalona,https://static.acb.com/img/e/53/16/1453195579.png,#2F8E62,https://www.acb.com/club/plantilla/id/8,https://raw.githubusercontent.com/IvoVillanueva/acbLogosCuadrados/6619f59f8ffb70434097d865e0aab02d1aa0fc2c/JOV.png,Coviran Granada,https://static.acb.com/img/www/clubes2024/2425CoviranGranadapositivo.png,#C2213C,https://raw.githubusercontent.com/IvoVillanueva/acbLogosCuadrados/6619f59f8ffb70434097d865e0aab02d1aa0fc2c/COV.png
JOV,CAZ,Local,Jor. 2,31,4,2,9,21,29,3,9,5,30,29,0,23,4,40,20,1,2,9,23,43,7,21,6,55,23,1,14,4,19,104472,Joventut Badalona,https://static.acb.com/img/e/53/16/1453195579.png,#2F8E62,https://www.acb.com/club/plantilla/id/8,https://raw.githubusercontent.com/IvoVillanueva/acbLogosCuadrados/6619f59f8ffb70434097d865e0aab02d1aa0fc2c/JOV.png,Casademont Zaragoza,https://static.acb.com/img/www/clubes2024/2425CasademontZaragoza.png,#C8102E,https://raw.githubusercontent.com/IvoVillanueva/acbLogosCuadrados/6619f59f8ffb70434097d865e0aab02d1aa0fc2c/CAZ.png
JOV,SBB,Local,Jor. 3,18,2,8,13,33,35,6,12,10,39,45,3,13,7,50,17,2,5,7,27,31,5,11,10,19,21,1,13,1,16,104481,Joventut Badalona,https://static.acb.com/img/e/53/16/1453195579.png,#2F8E62,https://www.acb.com/club/plantilla/id/8,https://raw.githubusercontent.com/IvoVillanueva/acbLogosCuadrados/6619f59f8ffb70434097d865e0aab02d1aa0fc2c/JOV.png,Surne Bilbao Basket,https://static.acb.com/img/www/clubes2022/logo_surnebb_pos.png,#000000,https://raw.githubusercontent.com/IvoVillanueva/acbLogosCuadrados/6619f59f8ffb70434097d865e0aab02d1aa0fc2c/SBB.png
LLT,Todos,Todas,Jor. NA,23,4,4,7,23,38,5,11,8,48,54,4,18,8,71,23,2,4,7,19,26,3,10,4,18,30,2,14,3,31,NA,La Laguna Tenerife,https://static.acb.com/img/www/clubes2024/2425LaLagunaTenerifeLogo.png,#E9CD5F,https://www.acb.com/club/plantilla/id/28,https://raw.githubusercontent.com/IvoVillanueva/acbLogosCuadrados/6619f59f8ffb70434097d865e0aab02d1aa0fc2c/LLT.png,NA,NA,NA,NA
LLT,Todos,Todas Local,Jor. NA,28,4,4,6,26,36,5,12,6,46,52,4,18,10,66,26,2,6,8,25,30,2,10,4,25,30,2,9,4,30,NA,La Laguna Tenerife,https://static.acb.com/img/www/clubes2024/2425LaLagunaTenerifeLogo.png,#E9CD5F,https://www.acb.com/club/plantilla/id/28,https://raw.githubusercontent.com/IvoVillanueva/acbLogosCuadrados/6619f59f8ffb70434097d865e0aab02d1aa0fc2c/LLT.png,NA,NA,NA,NA
LLT,Todos,Todas  Visitante,Jor. NA,15,4,3,8,19,43,6,10,11,52,57,5,19,5,80,15,2,2,6,8,19,5,10,3,5,30,1,25,0,32,NA,La Laguna Tenerife,https://static.acb.com/img/www/clubes2024/2425LaLagunaTenerifeLogo.png,#E9CD5F,https://www.acb.com/club/plantilla/id/28,https://raw.githubusercontent.com/IvoVillanueva/acbLogosCuadrados/6619f59f8ffb70434097d865e0aab02d1aa0fc2c/LLT.png,NA,NA,NA,NA
LLT,BAX,Local,Jor. 1,31,5,6,5,28,34,4,9,6,43,57,4,22,10,73,22,0,8,14,25,32,4,10,3,29,39,3,8,6,34,104461,La Laguna Tenerife,https://static.acb.com/img/www/clubes2024/2425LaLagunaTenerifeLogo.png,#E9CD5F,https://www.acb.com/club/plantilla/id/28,https://raw.githubusercontent.com/IvoVillanueva/acbLogosCuadrados/6619f59f8ffb70434097d865e0aab02d1aa0fc2c/LLT.png,BAXI Manresa,https://static.acb.com/img/31/9/2f/75632.png,#D5001E,https://raw.githubusercontent.com/IvoVillanueva/acbLogosCuadrados/6619f59f8ffb70434097d865e0aab02d1aa0fc2c/BAX.png
LLT,MBA,Visitante,Jor. 2,15,4,3,8,19,43,6,10,11,52,57,5,19,5,80,15,2,2,6,8,19,5,10,3,5,30,1,25,0,32,104469,La Laguna Tenerife,https://static.acb.com/img/www/clubes2024/2425LaLagunaTenerifeLogo.png,#E9CD5F,https://www.acb.com/club/plantilla/id/28,https://raw.githubusercontent.com/IvoVillanueva/acbLogosCuadrados/6619f59f8ffb70434097d865e0aab02d1aa0fc2c/LLT.png,MoraBanc Andorra,https://static.acb.com/img/43/43/28/75593.png,#0165BA,https://raw.githubusercontent.com/IvoVillanueva/acbLogosCuadrados/6619f59f8ffb70434097d865e0aab02d1aa0fc2c/MBA.png
LLT,UCM,Local,Jor. 3,24,2,2,8,23,38,6,14,6,49,47,3,14,10,59,31,3,3,1,25,28,0,11,6,21,21,1,10,2,27,104478,La Laguna Tenerife,https://static.acb.com/img/www/clubes2024/2425LaLagunaTenerifeLogo.png,#E9CD5F,https://www.acb.com/club/plantilla/id/28,https://raw.githubusercontent.com/IvoVillanueva/acbLogosCuadrados/6619f59f8ffb70434097d865e0aab02d1aa0fc2c/LLT.png,UCAM Murcia,https://static.acb.com/img/www/clubes2024/2425UCAMMurciapositivo.png,#A51A14,https://raw.githubusercontent.com/IvoVillanueva/acbLogosCuadrados/6619f59f8ffb70434097d865e0aab02d1aa0fc2c/UCM.png
MBA,Todos,Todas,Jor. NA,20,2,4,9,19,28,7,10,6,24,33,2,19,2,35,26,5,6,12,24,43,6,15,10,51,39,3,17,5,52,NA,MoraBanc Andorra,https://static.acb.com/img/43/43/28/75593.png,#0165BA,https://www.acb.com/club/plantilla/id/22,https://raw.githubusercontent.com/IvoVillanueva/acbLogosCuadrados/6619f59f8ffb70434097d865e0aab02d1aa0fc2c/MBA.png,NA,NA,NA,NA
MBA,Todos,Todas Local,Jor. NA,23,2,3,8,20,30,8,12,8,24,36,2,24,2,43,30,6,6,12,27,39,5,14,10,46,45,3,18,4,59,NA,MoraBanc Andorra,https://static.acb.com/img/43/43/28/75593.png,#0165BA,https://www.acb.com/club/plantilla/id/22,https://raw.githubusercontent.com/IvoVillanueva/acbLogosCuadrados/6619f59f8ffb70434097d865e0aab02d1aa0fc2c/MBA.png,NA,NA,NA,NA
MBA,Todos,Todas  Visitante,Jor. NA,14,0,6,12,16,24,5,6,2,25,26,0,11,2,18,17,5,6,11,17,52,7,18,12,61,26,2,15,7,37,NA,MoraBanc Andorra,https://static.acb.com/img/43/43/28/75593.png,#0165BA,https://www.acb.com/club/plantilla/id/22,https://raw.githubusercontent.com/IvoVillanueva/acbLogosCuadrados/6619f59f8ffb70434097d865e0aab02d1aa0fc2c/MBA.png,NA,NA,NA,NA
MBA,UCM,Visitante,Jor. 1,14,0,6,12,16,24,5,6,2,25,26,0,11,2,18,17,5,6,11,17,52,7,18,12,61,26,2,15,7,37,104466,MoraBanc Andorra,https://static.acb.com/img/43/43/28/75593.png,#0165BA,https://www.acb.com/club/plantilla/id/22,https://raw.githubusercontent.com/IvoVillanueva/acbLogosCuadrados/6619f59f8ffb70434097d865e0aab02d1aa0fc2c/MBA.png,UCAM Murcia,https://static.acb.com/img/www/clubes2024/2425UCAMMurciapositivo.png,#A51A14,https://raw.githubusercontent.com/IvoVillanueva/acbLogosCuadrados/6619f59f8ffb70434097d865e0aab02d1aa0fc2c/UCM.png
MBA,LLT,Local,Jor. 2,15,2,2,6,8,19,5,10,3,5,30,1,25,0,32,15,4,3,8,19,43,6,10,11,52,57,5,19,5,80,104469,MoraBanc Andorra,https://static.acb.com/img/43/43/28/75593.png,#0165BA,https://www.acb.com/club/plantilla/id/22,https://raw.githubusercontent.com/IvoVillanueva/acbLogosCuadrados/6619f59f8ffb70434097d865e0aab02d1aa0fc2c/MBA.png,La Laguna Tenerife,https://static.acb.com/img/www/clubes2024/2425LaLagunaTenerifeLogo.png,#E9CD5F,https://raw.githubusercontent.com/IvoVillanueva/acbLogosCuadrados/6619f59f8ffb70434097d865e0aab02d1aa0fc2c/LLT.png
MBA,GIR,Local,Jor. 3,31,3,4,9,32,42,12,14,13,43,42,4,22,3,54,45,7,8,16,35,35,4,18,8,39,33,1,17,4,38,104480,MoraBanc Andorra,https://static.acb.com/img/43/43/28/75593.png,#0165BA,https://www.acb.com/club/plantilla/id/22,https://raw.githubusercontent.com/IvoVillanueva/acbLogosCuadrados/6619f59f8ffb70434097d865e0aab02d1aa0fc2c/MBA.png,Bàsquet Girona,https://static.acb.com/img/www/clubes2023/BASQUET-GIRONA-Logonegativo2223.png,#B32836,https://raw.githubusercontent.com/IvoVillanueva/acbLogosCuadrados/6619f59f8ffb70434097d865e0aab02d1aa0fc2c/GIR.png
RMB,Todos,Todas,Jor. NA,15,2,3,8,14,44,6,11,8,42,31,3,16,3,42,22,2,6,7,31,27,3,12,10,28,36,3,11,1,32,NA,Real Madrid,https://static.acb.com/img/www/clubes2024/2324RealMadrid_Logoweb.png,#FFFFFF,https://www.acb.com/club/plantilla/id/9,https://raw.githubusercontent.com/IvoVillanueva/acbLogosCuadrados/6619f59f8ffb70434097d865e0aab02d1aa0fc2c/RMB.png,NA,NA,NA,NA
RMB,Todos,Todas Local,Jor. NA,14,2,2,8,10,45,8,12,8,48,26,2,16,4,36,14,2,3,4,14,22,2,15,12,28,40,3,14,1,36,NA,Real Madrid,https://static.acb.com/img/www/clubes2024/2324RealMadrid_Logoweb.png,#FFFFFF,https://www.acb.com/club/plantilla/id/9,https://raw.githubusercontent.com/IvoVillanueva/acbLogosCuadrados/6619f59f8ffb70434097d865e0aab02d1aa0fc2c/RMB.png,NA,NA,NA,NA
RMB,Todos,Todas  Visitante,Jor. NA,18,2,4,10,22,42,4,8,7,30,40,4,16,2,53,39,2,13,13,63,38,5,5,5,28,28,2,6,1,25,NA,Real Madrid,https://static.acb.com/img/www/clubes2024/2324RealMadrid_Logoweb.png,#FFFFFF,https://www.acb.com/club/plantilla/id/9,https://raw.githubusercontent.com/IvoVillanueva/acbLogosCuadrados/6619f59f8ffb70434097d865e0aab02d1aa0fc2c/RMB.png,NA,NA,NA,NA
RMB,DGC,Local,Jor. 1,13,2,3,10,14,39,8,11,7,36,29,4,13,5,35,19,4,3,5,19,18,1,14,11,21,34,4,12,0,36,104464,Real Madrid,https://static.acb.com/img/www/clubes2024/2324RealMadrid_Logoweb.png,#FFFFFF,https://www.acb.com/club/plantilla/id/9,https://raw.githubusercontent.com/IvoVillanueva/acbLogosCuadrados/6619f59f8ffb70434097d865e0aab02d1aa0fc2c/RMB.png,Dreamland Gran Canaria,https://static.acb.com/img/2/58/5b/75611.png,#FFB718,https://raw.githubusercontent.com/IvoVillanueva/acbLogosCuadrados/6619f59f8ffb70434097d865e0aab02d1aa0fc2c/DGC.png
RMB,BKN,Visitante,Jor. 2,18,2,4,10,22,42,4,8,7,30,40,4,16,2,53,39,2,13,13,63,38,5,5,5,28,28,2,6,1,25,104476,Real Madrid,https://static.acb.com/img/www/clubes2024/2324RealMadrid_Logoweb.png,#FFFFFF,https://www.acb.com/club/plantilla/id/9,https://raw.githubusercontent.com/IvoVillanueva/acbLogosCuadrados/6619f59f8ffb70434097d865e0aab02d1aa0fc2c/RMB.png,Baskonia,https://static.acb.com/logos/1718/baskonia_00.png,#C8102E,https://raw.githubusercontent.com/IvoVillanueva/acbLogosCuadrados/6619f59f8ffb70434097d865e0aab02d1aa0fc2c/BKN.png
RMB,BUR,Local,Jor. 3,15,1,1,5,6,51,7,14,9,60,24,0,18,3,37,9,0,3,3,10,25,3,16,13,35,46,2,16,2,36,104482,Real Madrid,https://static.acb.com/img/www/clubes2024/2324RealMadrid_Logoweb.png,#FFFFFF,https://www.acb.com/club/plantilla/id/9,https://raw.githubusercontent.com/IvoVillanueva/acbLogosCuadrados/6619f59f8ffb70434097d865e0aab02d1aa0fc2c/RMB.png,Recoletas Salud San Pablo Burgos,https://static.acb.com/img/www/clubes2025/2526SanPabloLogo.png,#00669E,https://raw.githubusercontent.com/IvoVillanueva/acbLogosCuadrados/6619f59f8ffb70434097d865e0aab02d1aa0fc2c/BUR.svg
SBB,Todos,Todas,Jor. NA,17,1,6,5,21,30,3,11,9,22,30,2,14,2,30,13,2,4,8,18,40,5,13,10,36,37,2,17,7,43,NA,Surne Bilbao Basket,https://static.acb.com/img/www/clubes2022/logo_surnebb_pos.png,#000000,https://www.acb.com/club/plantilla/id/4,https://raw.githubusercontent.com/IvoVillanueva/acbLogosCuadrados/6619f59f8ffb70434097d865e0aab02d1aa0fc2c/SBB.png,NA,NA,NA,NA
SBB,Todos,Todas Local,Jor. NA,24,2,6,5,29,32,1,13,13,29,39,3,19,0,36,6,1,2,2,3,54,5,18,12,43,25,0,13,4,27,NA,Surne Bilbao Basket,https://static.acb.com/img/www/clubes2022/logo_surnebb_pos.png,#000000,https://www.acb.com/club/plantilla/id/4,https://raw.githubusercontent.com/IvoVillanueva/acbLogosCuadrados/6619f59f8ffb70434097d865e0aab02d1aa0fc2c/SBB.png,NA,NA,NA,NA
SBB,Todos,Todas  Visitante,Jor. NA,13,1,6,6,18,30,4,10,7,18,26,2,12,3,28,16,2,5,11,26,32,4,10,9,32,43,2,19,8,51,NA,Surne Bilbao Basket,https://static.acb.com/img/www/clubes2022/logo_surnebb_pos.png,#000000,https://www.acb.com/club/plantilla/id/4,https://raw.githubusercontent.com/IvoVillanueva/acbLogosCuadrados/6619f59f8ffb70434097d865e0aab02d1aa0fc2c/SBB.png,NA,NA,NA,NA
SBB,UNI,Visitante,Jor. 1,9,0,7,4,8,28,3,10,4,17,31,3,11,5,39,15,2,2,9,18,30,3,8,8,26,41,2,25,9,52,104459,Surne Bilbao Basket,https://static.acb.com/img/www/clubes2022/logo_surnebb_pos.png,#000000,https://www.acb.com/club/plantilla/id/4,https://raw.githubusercontent.com/IvoVillanueva/acbLogosCuadrados/6619f59f8ffb70434097d865e0aab02d1aa0fc2c/SBB.png,Unicaja,https://static.acb.com/img/www/clubes2024/2324UnicajaLogo.png,#3D9C35,https://raw.githubusercontent.com/IvoVillanueva/acbLogosCuadrados/6619f59f8ffb70434097d865e0aab02d1aa0fc2c/UNI.png
SBB,BUR,Local,Jor. 2,24,2,6,5,29,32,1,13,13,29,39,3,19,0,36,6,1,2,2,3,54,5,18,12,43,25,0,13,4,27,104475,Surne Bilbao Basket,https://static.acb.com/img/www/clubes2022/logo_surnebb_pos.png,#000000,https://www.acb.com/club/plantilla/id/4,https://raw.githubusercontent.com/IvoVillanueva/acbLogosCuadrados/6619f59f8ffb70434097d865e0aab02d1aa0fc2c/SBB.png,Recoletas Salud San Pablo Burgos,https://static.acb.com/img/www/clubes2025/2526SanPabloLogo.png,#00669E,https://raw.githubusercontent.com/IvoVillanueva/acbLogosCuadrados/6619f59f8ffb70434097d865e0aab02d1aa0fc2c/BUR.svg
SBB,JOV,Visitante,Jor. 3,17,2,5,7,27,31,5,11,10,19,21,1,13,1,16,18,2,8,13,33,35,6,12,10,39,45,3,13,7,50,104481,Surne Bilbao Basket,https://static.acb.com/img/www/clubes2022/logo_surnebb_pos.png,#000000,https://www.acb.com/club/plantilla/id/4,https://raw.githubusercontent.com/IvoVillanueva/acbLogosCuadrados/6619f59f8ffb70434097d865e0aab02d1aa0fc2c/SBB.png,Joventut Badalona,https://static.acb.com/img/e/53/16/1453195579.png,#2F8E62,https://raw.githubusercontent.com/IvoVillanueva/acbLogosCuadrados/6619f59f8ffb70434097d865e0aab02d1aa0fc2c/JOV.png
UCM,Todos,Todas,Jor. NA,25,4,5,5,21,39,4,16,7,41,25,2,13,3,33,18,1,4,10,16,34,6,12,3,37,29,1,14,5,31,NA,UCAM Murcia,https://static.acb.com/img/www/clubes2024/2425UCAMMurciapositivo.png,#A51A14,https://www.acb.com/club/plantilla/id/12,https://raw.githubusercontent.com/IvoVillanueva/acbLogosCuadrados/6619f59f8ffb70434097d865e0aab02d1aa0fc2c/UCM.png,NA,NA,NA,NA
UCM,Todos,Todas Local,Jor. NA,17,5,6,11,17,52,7,18,12,61,26,2,15,7,37,14,0,6,12,16,24,5,6,2,25,26,0,11,2,18,NA,UCAM Murcia,https://static.acb.com/img/www/clubes2024/2425UCAMMurciapositivo.png,#A51A14,https://www.acb.com/club/plantilla/id/12,https://raw.githubusercontent.com/IvoVillanueva/acbLogosCuadrados/6619f59f8ffb70434097d865e0aab02d1aa0fc2c/UCM.png,NA,NA,NA,NA
UCM,Todos,Todas  Visitante,Jor. NA,29,4,4,2,24,33,2,14,5,32,24,2,12,2,30,20,2,3,9,16,40,6,14,4,43,31,2,16,7,38,NA,UCAM Murcia,https://static.acb.com/img/www/clubes2024/2425UCAMMurciapositivo.png,#A51A14,https://www.acb.com/club/plantilla/id/12,https://raw.githubusercontent.com/IvoVillanueva/acbLogosCuadrados/6619f59f8ffb70434097d865e0aab02d1aa0fc2c/UCM.png,NA,NA,NA,NA
UCM,MBA,Local,Jor. 1,17,5,6,11,17,52,7,18,12,61,26,2,15,7,37,14,0,6,12,16,24,5,6,2,25,26,0,11,2,18,104466,UCAM Murcia,https://static.acb.com/img/www/clubes2024/2425UCAMMurciapositivo.png,#A51A14,https://www.acb.com/club/plantilla/id/12,https://raw.githubusercontent.com/IvoVillanueva/acbLogosCuadrados/6619f59f8ffb70434097d865e0aab02d1aa0fc2c/UCM.png,MoraBanc Andorra,https://static.acb.com/img/43/43/28/75593.png,#0165BA,https://raw.githubusercontent.com/IvoVillanueva/acbLogosCuadrados/6619f59f8ffb70434097d865e0aab02d1aa0fc2c/MBA.png
UCM,GIR,Visitante,Jor. 2,27,4,6,4,22,38,5,18,4,42,28,2,14,1,34,15,1,4,10,8,41,6,15,2,37,15,1,17,4,17,104468,UCAM Murcia,https://static.acb.com/img/www/clubes2024/2425UCAMMurciapositivo.png,#A51A14,https://www.acb.com/club/plantilla/id/12,https://raw.githubusercontent.com/IvoVillanueva/acbLogosCuadrados/6619f59f8ffb70434097d865e0aab02d1aa0fc2c/UCM.png,Bàsquet Girona,https://static.acb.com/img/www/clubes2023/BASQUET-GIRONA-Logonegativo2223.png,#B32836,https://raw.githubusercontent.com/IvoVillanueva/acbLogosCuadrados/6619f59f8ffb70434097d865e0aab02d1aa0fc2c/GIR.png
UCM,LLT,Visitante,Jor. 3,31,3,3,1,25,28,0,11,6,21,21,1,10,2,27,24,2,2,8,23,38,6,14,6,49,47,3,14,10,59,104478,UCAM Murcia,https://static.acb.com/img/www/clubes2024/2425UCAMMurciapositivo.png,#A51A14,https://www.acb.com/club/plantilla/id/12,https://raw.githubusercontent.com/IvoVillanueva/acbLogosCuadrados/6619f59f8ffb70434097d865e0aab02d1aa0fc2c/UCM.png,La Laguna Tenerife,https://static.acb.com/img/www/clubes2024/2425LaLagunaTenerifeLogo.png,#E9CD5F,https://raw.githubusercontent.com/IvoVillanueva/acbLogosCuadrados/6619f59f8ffb70434097d865e0aab02d1aa0fc2c/LLT.png
UNI,Todos,Todas,Jor. NA,15,2,5,7,20,22,2,7,5,13,44,4,22,6,52,11,2,6,6,14,32,3,13,6,28,31,3,11,3,36,NA,Unicaja,https://static.acb.com/img/www/clubes2024/2324UnicajaLogo.png,#3D9C35,https://www.acb.com/club/plantilla/id/14,https://raw.githubusercontent.com/IvoVillanueva/acbLogosCuadrados/6619f59f8ffb70434097d865e0aab02d1aa0fc2c/UNI.png,NA,NA,NA,NA
UNI,Todos,Todas Local,Jor. NA,14,2,4,7,20,26,2,8,6,16,42,2,24,6,47,12,2,6,4,12,34,3,14,5,31,30,2,8,4,36,NA,Unicaja,https://static.acb.com/img/www/clubes2024/2324UnicajaLogo.png,#3D9C35,https://www.acb.com/club/plantilla/id/14,https://raw.githubusercontent.com/IvoVillanueva/acbLogosCuadrados/6619f59f8ffb70434097d865e0aab02d1aa0fc2c/UNI.png,NA,NA,NA,NA
UNI,Todos,Todas  Visitante,Jor. NA,17,2,6,6,19,15,1,3,5,9,49,6,20,6,61,9,2,5,9,16,29,2,10,7,22,34,6,18,3,37,NA,Unicaja,https://static.acb.com/img/www/clubes2024/2324UnicajaLogo.png,#3D9C35,https://www.acb.com/club/plantilla/id/14,https://raw.githubusercontent.com/IvoVillanueva/acbLogosCuadrados/6619f59f8ffb70434097d865e0aab02d1aa0fc2c/UNI.png,NA,NA,NA,NA
UNI,SBB,Local,Jor. 1,15,2,2,9,18,30,3,8,8,26,41,2,25,9,52,9,0,7,4,8,28,3,10,4,17,31,3,11,5,39,104459,Unicaja,https://static.acb.com/img/www/clubes2024/2324UnicajaLogo.png,#3D9C35,https://www.acb.com/club/plantilla/id/14,https://raw.githubusercontent.com/IvoVillanueva/acbLogosCuadrados/6619f59f8ffb70434097d865e0aab02d1aa0fc2c/UNI.png,Surne Bilbao Basket,https://static.acb.com/img/www/clubes2022/logo_surnebb_pos.png,#000000,https://raw.githubusercontent.com/IvoVillanueva/acbLogosCuadrados/6619f59f8ffb70434097d865e0aab02d1aa0fc2c/SBB.png
UNI,DGC,Visitante,Jor. 2,17,2,6,6,19,15,1,3,5,9,49,6,20,6,61,9,2,5,9,16,29,2,10,7,22,34,6,18,3,37,104470,Unicaja,https://static.acb.com/img/www/clubes2024/2324UnicajaLogo.png,#3D9C35,https://www.acb.com/club/plantilla/id/14,https://raw.githubusercontent.com/IvoVillanueva/acbLogosCuadrados/6619f59f8ffb70434097d865e0aab02d1aa0fc2c/UNI.png,Dreamland Gran Canaria,https://static.acb.com/img/2/58/5b/75611.png,#FFB718,https://raw.githubusercontent.com/IvoVillanueva/acbLogosCuadrados/6619f59f8ffb70434097d865e0aab02d1aa0fc2c/DGC.png
UNI,BAR,Local,Jor. 3,13,1,7,5,22,22,1,9,3,5,42,3,22,3,42,16,4,6,4,17,39,3,19,6,45,28,0,5,2,32,104485,Unicaja,https://static.acb.com/img/www/clubes2024/2324UnicajaLogo.png,#3D9C35,https://www.acb.com/club/plantilla/id/14,https://raw.githubusercontent.com/IvoVillanueva/acbLogosCuadrados/6619f59f8ffb70434097d865e0aab02d1aa0fc2c/UNI.png,Barça,https://static.acb.com/img/www/clubes2024/2324BarcaLogoweb.png,#154284,https://raw.githubusercontent.com/IvoVillanueva/acbLogosCuadrados/6619f59f8ffb70434097d865e0aab02d1aa0fc2c/BAR.png
VBC,Todos,Todas,Jor. NA,22,2,6,11,31,37,6,14,8,36,43,6,16,4,51,10,1,3,6,9,52,8,13,5,35,21,1,14,4,27,NA,Valencia Basket,https://static.acb.com/img/23/2/25/1654748673.png,#FC6C0F,https://www.acb.com/club/plantilla/id/13,https://raw.githubusercontent.com/IvoVillanueva/acbLogosCuadrados/6619f59f8ffb70434097d865e0aab02d1aa0fc2c/VBC.png,NA,NA,NA,NA
VBC,Todos,Todas Local,Jor. NA,18,3,6,10,29,34,5,12,9,28,41,4,15,5,54,9,1,3,6,5,50,7,18,5,43,22,1,12,5,31,NA,Valencia Basket,https://static.acb.com/img/23/2/25/1654748673.png,#FC6C0F,https://www.acb.com/club/plantilla/id/13,https://raw.githubusercontent.com/IvoVillanueva/acbLogosCuadrados/6619f59f8ffb70434097d865e0aab02d1aa0fc2c/VBC.png,NA,NA,NA,NA
VBC,Todos,Todas  Visitante,Jor. NA,24,2,6,11,32,39,6,16,8,40,44,8,16,4,50,10,1,3,6,11,54,8,10,5,31,20,2,15,4,26,NA,Valencia Basket,https://static.acb.com/img/23/2/25/1654748673.png,#FC6C0F,https://www.acb.com/club/plantilla/id/13,https://raw.githubusercontent.com/IvoVillanueva/acbLogosCuadrados/6619f59f8ffb70434097d865e0aab02d1aa0fc2c/VBC.png,NA,NA,NA,NA
VBC,BAR,Local,Jor. 1,18,3,6,10,29,34,5,12,9,28,41,4,15,5,54,9,1,3,6,5,50,7,18,5,43,22,1,12,5,31,104467,Valencia Basket,https://static.acb.com/img/23/2/25/1654748673.png,#FC6C0F,https://www.acb.com/club/plantilla/id/13,https://raw.githubusercontent.com/IvoVillanueva/acbLogosCuadrados/6619f59f8ffb70434097d865e0aab02d1aa0fc2c/VBC.png,Barça,https://static.acb.com/img/www/clubes2024/2324BarcaLogoweb.png,#154284,https://raw.githubusercontent.com/IvoVillanueva/acbLogosCuadrados/6619f59f8ffb70434097d865e0aab02d1aa0fc2c/BAR.png
VBC,BRE,Visitante,Jor. 2,24,3,8,14,36,41,9,12,9,38,48,7,18,5,57,17,1,6,10,20,51,11,6,2,35,22,3,17,5,24,104474,Valencia Basket,https://static.acb.com/img/23/2/25/1654748673.png,#FC6C0F,https://www.acb.com/club/plantilla/id/13,https://raw.githubusercontent.com/IvoVillanueva/acbLogosCuadrados/6619f59f8ffb70434097d865e0aab02d1aa0fc2c/VBC.png,Río Breogán,https://static.acb.com/logos/1718/breogan_00.png,#85ADEA,https://raw.githubusercontent.com/IvoVillanueva/acbLogosCuadrados/6619f59f8ffb70434097d865e0aab02d1aa0fc2c/BRE.png
VBC,HIO,Visitante,Jor. 3,23,1,4,8,29,37,3,19,6,41,39,8,15,3,43,3,1,0,2,2,56,6,15,8,27,19,0,13,3,27,104483,Valencia Basket,https://static.acb.com/img/23/2/25/1654748673.png,#FC6C0F,https://www.acb.com/club/plantilla/id/13,https://raw.githubusercontent.com/IvoVillanueva/acbLogosCuadrados/6619f59f8ffb70434097d865e0aab02d1aa0fc2c/VBC.png,Hiopos Lleida,https://static.acb.com/img/www/clubes2024/2425HioposLleida_positivo.png,#AB1254,https://raw.githubusercontent.com/IvoVillanueva/acbLogosCuadrados/6619f59f8ffb70434097d865e0aab02d1aa0fc2c/HIO.png
